what,kind,bundleId,bundleVersion,description,time
stopped,bundle,oracle.eclipse.tools.coherence.ui,3.1.0.201007221419,"oracle.eclipse.tools.coherence.ui",1376161202604
stopped,bundle,oracle.eclipse.tools.coherence,3.1.0.201007221419,"oracle.eclipse.tools.coherence",1376161202604
stopped,bundle,oracle.eclipse.tools.spring,3.1.0.201007221419,"oracle.eclipse.tools.spring",1376161202604
stopped,bundle,oracle.eclipse.tools.weblogic.scripting.ui,3.1.0.201007221419,"oracle.eclipse.tools.weblogic.scripting.ui",1376161202604
stopped,bundle,oracle.eclipse.tools.weblogic.scripting,3.1.0.201007221419,"oracle.eclipse.tools.weblogic.scripting",1376161202604
stopped,bundle,oracle.eclipse.tools.weblogic.ui,3.1.0.201007221419,"oracle.eclipse.tools.weblogic.ui",1376161202604
stopped,bundle,oracle.eclipse.tools.webservices,3.1.0.201007221419,"oracle.eclipse.tools.webservices",1376161202604
stopped,bundle,oracle.eclipse.tools.weblogic,3.1.0.201007221419,"oracle.eclipse.tools.weblogic",1376161202604
stopped,bundle,org.eclipse.jst.jsf.facelet.core,1.0.2.v201101042130,"org.eclipse.jst.jsf.facelet.core",1376161202604
stopped,bundle,org.eclipse.jst.jsf.facesconfig.ui,1.2.1.v201101112207,"org.eclipse.jst.jsf.facesconfig.ui",1376161202604
stopped,bundle,org.eclipse.jst.jsf.ui,1.3.2.v201110061050,"org.eclipse.jst.jsf.ui",1376161202604
stopped,bundle,org.eclipse.jst.pagedesigner,1.3.2.v201101211220-p002,"org.eclipse.jst.pagedesigner",1376161202604
stopped,bundle,org.eclipse.jst.jsf.core,1.3.5.v201110061050,"org.eclipse.jst.jsf.core",1376161202604
stopped,bundle,org.eclipse.jst.jsf.facesconfig,1.2.1.v20100906,"org.eclipse.jst.jsf.facesconfig",1376161202604
stopped,bundle,org.eclipse.jst.ws.jaxws.dom.integration,1.0.0.v201004171919,"org.eclipse.jst.ws.jaxws.dom.integration",1376161202604
stopped,bundle,org.eclipse.hyades.probekit.ui,4.1.600.v201005221043,"org.eclipse.hyades.probekit.ui",1376161202604
stopped,bundle,org.eclipse.datatools.connectivity.apache.derby.ui,1.0.3.v201007080903,"org.eclipse.datatools.connectivity.apache.derby.ui",1376161202604
stopped,bundle,org.eclipse.datatools.enablement.hsqldb.ui,1.0.0.v200906020900,"org.eclipse.datatools.enablement.hsqldb.ui",1376161202604
stopped,bundle,org.eclipse.datatools.enablement.ingres.ui,1.0.0.v201006242214,"org.eclipse.datatools.enablement.ingres.ui",1376161202604
stopped,bundle,org.eclipse.datatools.enablement.sqlite.ui,1.0.0.v200906020900,"org.eclipse.datatools.enablement.sqlite.ui",1376161202604
stopped,bundle,org.eclipse.datatools.enablement.sybase.asa.schemaobjecteditor.examples,2.5.0.200810071,"org.eclipse.datatools.enablement.sybase.asa.schemaobjecteditor.examples",1376161202604
stopped,bundle,org.eclipse.datatools.enablement.sybase.asa.ui,1.0.1.v200906111150,"org.eclipse.datatools.enablement.sybase.asa.ui",1376161202604
stopped,bundle,org.eclipse.datatools.enablement.sybase.ase.ui,1.0.1.v200906020900,"org.eclipse.datatools.enablement.sybase.ase.ui",1376161202604
stopped,bundle,org.eclipse.datatools.enablement.sybase.ui,1.0.0.v200906090458,"org.eclipse.datatools.enablement.sybase.ui",1376161202604
stopped,bundle,oracle.eclipse.tools.database.ui,3.1.0.201007221419,"oracle.eclipse.tools.database.ui",1376161202604
stopped,bundle,org.eclipse.datatools.sqltools.data.ui,1.2.0.v201005250945,"org.eclipse.datatools.sqltools.data.ui",1376161202604
stopped,bundle,org.eclipse.datatools.connectivity.sqm.server.ui,1.1.100.v201009280455,"org.eclipse.datatools.connectivity.sqm.server.ui",1376161202604
stopped,bundle,org.eclipse.jst.j2ee.ejb.annotations.ui,1.1.200.v201004290730,"org.eclipse.jst.j2ee.ejb.annotations.ui",1376161202604
stopped,bundle,org.eclipse.jst.ejb.ui,1.1.502.v201101121843,"org.eclipse.jst.ejb.ui",1376161202604
stopped,bundle,org.eclipse.jst.servlet.ui,1.1.406.v201109140400,"org.eclipse.jst.servlet.ui",1376161202604
stopped,bundle,org.eclipse.jst.jee.ui,1.0.305.v201105110300,"org.eclipse.jst.jee.ui",1376161202604
stopped,bundle,org.jboss.tools.common.text.xml,3.2.0.v20110215-1235-H25-GA,"org.jboss.tools.common.text.xml",1376161202604
stopped,bundle,org.eclipse.wst.wsdl.ui,1.2.306.v201106290347,"org.eclipse.wst.wsdl.ui",1376161202604
stopped,bundle,org.eclipse.wst.xsd.ui,1.2.305.v201104132127,"org.eclipse.wst.xsd.ui",1376161202620
stopped,bundle,org.eclipse.jst.j2ee.navigator.ui,1.1.404.v201106290200,"org.eclipse.jst.j2ee.navigator.ui",1376161202620
stopped,bundle,org.eclipse.jpt.eclipselink.ui,1.3.0.v201004280001,"org.eclipse.jpt.eclipselink.ui",1376161202620
stopped,bundle,org.eclipse.jpt.jaxb.ui,1.0.1.v201006300000,"org.eclipse.jpt.jaxb.ui",1376161202620
stopped,bundle,org.eclipse.jpt.ui,2.3.2.v201008252310,"org.eclipse.jpt.ui",1376161202620
stopped,bundle,org.eclipse.jst.j2ee.jca.ui,1.1.400.v201004150700,"org.eclipse.jst.j2ee.jca.ui",1376161202620
stopped,bundle,oracle.eclipse.tools.xmlbeans.ui,3.1.0.201007221419,"oracle.eclipse.tools.xmlbeans.ui",1376161202620
stopped,bundle,oracle.eclipse.tools.xmlbeans,3.1.0.201007221419,"oracle.eclipse.tools.xmlbeans",1376161202620
stopped,bundle,oracle.eclipse.tools.common.upgrade,3.1.0.201007221419,"oracle.eclipse.tools.common.upgrade",1376161202620
stopped,bundle,oracle.eclipse.tools.common.ui,3.1.0.201007221419,"oracle.eclipse.tools.common.ui",1376161202620
stopped,bundle,org.eclipse.jst.j2ee.ui,1.1.406.v201110060300,"org.eclipse.jst.j2ee.ui",1376161202620
stopped,bundle,org.eclipse.jst.jsf.common.ui,1.2.0.v20100329,"org.eclipse.jst.jsf.common.ui",1376161202620
stopped,bundle,org.eclipse.jst.pagedesigner.jsp.core,1.2.0.v20100308,"org.eclipse.jst.pagedesigner.jsp.core",1376161202620
stopped,bundle,org.eclipse.jst.jsf.standard.tagsupport,1.2.2.v20101027,"org.eclipse.jst.jsf.standard.tagsupport",1376161202620
stopped,bundle,org.eclipse.jst.jsf.common,1.2.2.v201101211220,"org.eclipse.jst.jsf.common",1376161202620
stopped,bundle,org.eclipse.emf.edit.ui,2.6.0.v20100914-1218,"org.eclipse.emf.edit.ui",1376161202620
stopped,bundle,org.eclipse.wtp.epp.package.jee.intro,1.3.0.v201006142040,"org.eclipse.wtp.epp.package.jee.intro",1376161202620
stopped,bundle,oracle.eclipse.tools.common.templating,3.1.0.201007221419,"oracle.eclipse.tools.common.templating",1376161202620
stopped,bundle,oracle.eclipse.tools.database.sqltools,3.1.0.201007221419,"oracle.eclipse.tools.database.sqltools",1376161202620
stopped,bundle,oracle.eclipse.tools.database.connectivity,3.1.0.201007221419,"oracle.eclipse.tools.database.connectivity",1376161202620
stopped,bundle,oracle.eclipse.tools.common,3.1.0.201007221419,"oracle.eclipse.tools.common",1376161202620
stopped,bundle,oracle.eclipse.tools.doc.javaee5,1.0.0.201007071726,"oracle.eclipse.tools.doc.javaee5",1376161202620
stopped,bundle,oracle.eclipse.tools.doc.javaee6,1.0.0.201007071726,"oracle.eclipse.tools.doc.javaee6",1376161202620
stopped,bundle,oracle.eclipse.tools.sapphire.ui,3.1.0.201007221419,"oracle.eclipse.tools.sapphire.ui",1376161202620
stopped,bundle,oracle.eclipse.tools.sapphire.ui.legacy,3.1.0.201007221419,"oracle.eclipse.tools.sapphire.ui.legacy",1376161202620
stopped,bundle,org.springframework.ide.eclipse.beans.ui.refactoring,2.3.0.200912170948-RELEASE,"org.springframework.ide.eclipse.beans.ui.refactoring",1376161202620
stopped,bundle,org.springframework.ide.eclipse.beans.ui.editor,2.3.0.200912170948-RELEASE,"org.springframework.ide.eclipse.beans.ui.editor",1376161202620
stopped,bundle,org.springframework.ide.eclipse.beans.ui.graph,2.3.0.200912170948-RELEASE,"org.springframework.ide.eclipse.beans.ui.graph",1376161202620
stopped,bundle,org.springframework.ide.eclipse.beans.ui.search,2.3.0.200912170948-RELEASE,"org.springframework.ide.eclipse.beans.ui.search",1376161202620
stopped,bundle,org.springframework.ide.eclipse.beans.ui,2.3.0.200912170948-RELEASE,"org.springframework.ide.eclipse.beans.ui",1376161202620
stopped,bundle,org.springframework.ide.eclipse.beans.core,2.3.0.200912170948-RELEASE,"org.springframework.ide.eclipse.beans.core",1376161202651
stopped,bundle,org.springframework.ide.eclipse.ui,2.3.0.200912170948-RELEASE,"org.springframework.ide.eclipse.ui",1376161202651
stopped,bundle,org.eclipse.wst.common.snippets,1.2.2.v201101130441,"org.eclipse.wst.common.snippets",1376161202651
stopped,bundle,org.eclipse.gef,3.6.2.v20110110-2020,"org.eclipse.gef",1376161202651
stopped,bundle,org.eclipse.compare.win32,1.0.101.R36x_v20101103-0618,"org.eclipse.compare.win32",1376161202651
stopped,bundle,org.eclipse.datatools.enablement.postgresql.ui,1.0.0.v200906020900,"org.eclipse.datatools.enablement.postgresql.ui",1376161202651
stopped,bundle,org.eclipse.datatools.connectivity.db.generic.ui,1.0.1.v201004070709,"org.eclipse.datatools.connectivity.db.generic.ui",1376161202651
stopped,bundle,org.eclipse.datatools.sqltools.ddlgen.ui,1.0.1.v201002270530,"org.eclipse.datatools.sqltools.ddlgen.ui",1376161202651
stopped,bundle,org.eclipse.datatools.sqltools.db.derby.ui,1.0.0.v200906020900,"org.eclipse.datatools.sqltools.db.derby.ui",1376161202651
stopped,bundle,org.eclipse.datatools.sqltools.db.generic.ui,1.0.0.v200906020900,"org.eclipse.datatools.sqltools.db.generic.ui",1376161202651
stopped,bundle,org.eclipse.datatools.sqltools.debugger.core.ui,1.0.0.v201003161000,"org.eclipse.datatools.sqltools.debugger.core.ui",1376161202651
stopped,bundle,org.eclipse.datatools.sqltools.routineeditor.ui,1.0.1.v201004060545,"org.eclipse.datatools.sqltools.routineeditor.ui",1376161202651
stopped,bundle,org.eclipse.datatools.sqltools.sqlscrapbook,1.0.1.v201005250945,"org.eclipse.datatools.sqltools.sqlscrapbook",1376161202651
stopped,bundle,org.eclipse.datatools.sqltools.debugger.core,1.0.1.v201005250945,"org.eclipse.datatools.sqltools.debugger.core",1376161202651
stopped,bundle,org.eclipse.datatools.sqltools.schemaobjecteditor.ui.pages,1.1.0.200810071,"org.eclipse.datatools.sqltools.schemaobjecteditor.ui.pages",1376161202651
stopped,bundle,org.eclipse.datatools.sqltools.schemaobjecteditor.ui,1.1.1.200810071,"org.eclipse.datatools.sqltools.schemaobjecteditor.ui",1376161202651
stopped,bundle,org.eclipse.datatools.sqltools.sqleditor,1.0.2.v201009230800,"org.eclipse.datatools.sqltools.sqleditor",1376161202651
stopped,bundle,org.eclipse.datatools.sqltools.editor.core.ui,1.0.0.v201001150815,"org.eclipse.datatools.sqltools.editor.core.ui",1376161202651
stopped,bundle,org.eclipse.datatools.sqltools.tabledataeditor,1.0.1.v201005250945,"org.eclipse.datatools.sqltools.tabledataeditor",1376161202651
stopped,bundle,org.eclipse.datatools.connectivity.sqm.core.ui,1.2.0.v201002281800,"org.eclipse.datatools.connectivity.sqm.core.ui",1376161202651
stopped,bundle,org.eclipse.datatools.connectivity.ui.dse,1.1.4.v201004270430,"org.eclipse.datatools.connectivity.ui.dse",1376161202651
stopped,bundle,org.eclipse.datatools.enablement.ibm.db2.iseries.ui,1.0.1.v201005211230,"org.eclipse.datatools.enablement.ibm.db2.iseries.ui",1376161202651
stopped,bundle,org.eclipse.datatools.enablement.ibm.db2.luw.ui,1.0.2.v201005211230,"org.eclipse.datatools.enablement.ibm.db2.luw.ui",1376161202651
stopped,bundle,org.eclipse.datatools.enablement.ibm.db2.zseries.ui,1.0.1.v201005211230,"org.eclipse.datatools.enablement.ibm.db2.zseries.ui",1376161202651
stopped,bundle,org.eclipse.datatools.enablement.ibm.informix.ui,1.0.2.v201005211230,"org.eclipse.datatools.enablement.ibm.informix.ui",1376161202651
stopped,bundle,org.eclipse.datatools.enablement.ibm.ui,1.0.0.v200906020900,"org.eclipse.datatools.enablement.ibm.ui",1376161202651
stopped,bundle,org.eclipse.jpt.eclipselink.core,1.3.2.v201102072310,"org.eclipse.jpt.eclipselink.core",1376161202651
stopped,bundle,org.eclipse.jpt.core,2.3.3.v201102172310,"org.eclipse.jpt.core",1376161202682
stopped,bundle,org.eclipse.jpt.db,1.2.202.v201010192330,"org.eclipse.jpt.db",1376161202682
stopped,bundle,org.eclipse.datatools.enablement.jdt.classpath,1.0.1.v201004070709,"org.eclipse.datatools.enablement.jdt.classpath",1376161202682
stopped,bundle,org.eclipse.datatools.enablement.msft.sqlserver.ui,1.0.1.v200908130512,"org.eclipse.datatools.enablement.msft.sqlserver.ui",1376161202698
stopped,bundle,org.eclipse.datatools.enablement.mysql.ui,1.0.0.v200906020900,"org.eclipse.datatools.enablement.mysql.ui",1376161202698
stopped,bundle,org.eclipse.datatools.enablement.oracle.ui,1.0.2.v201005051303,"org.eclipse.datatools.enablement.oracle.ui",1376161202698
stopped,bundle,org.eclipse.datatools.enablement.sap.maxdb.ui,1.0.0.v200906020900,"org.eclipse.datatools.enablement.sap.maxdb.ui",1376161202698
stopped,bundle,org.eclipse.datatools.sqltools.plan,1.0.0.v200906022302,"org.eclipse.datatools.sqltools.plan",1376161202698
stopped,bundle,org.eclipse.datatools.sqltools.result.ui,1.1.1.v201101140400,"org.eclipse.datatools.sqltools.result.ui",1376161202698
stopped,bundle,org.eclipse.datatools.sqltools.common.ui,1.0.0.v200906022302,"org.eclipse.datatools.sqltools.common.ui",1376161202698
stopped,bundle,org.eclipse.datatools.connectivity.oda.flatfile.ui,3.1.1.v201101261130,"org.eclipse.datatools.connectivity.oda.flatfile.ui",1376161202698
stopped,bundle,org.eclipse.datatools.enablement.oda.ws.ui,1.2.2.v201012301630,"org.eclipse.datatools.enablement.oda.ws.ui",1376161202698
stopped,bundle,org.eclipse.datatools.enablement.oda.xml.ui,1.2.1.v201012161115,"org.eclipse.datatools.enablement.oda.xml.ui",1376161202698
stopped,bundle,org.eclipse.datatools.connectivity.oda.design.ui,3.2.4.v201012150951,"org.eclipse.datatools.connectivity.oda.design.ui",1376161202698
stopped,bundle,com.google.appengine.eclipse.datatools,3.2.4.v201306061640-rel-r36,"com.google.appengine.eclipse.datatools",1376161202698
stopped,bundle,org.eclipse.datatools.connectivity.ui,1.2.1.v201010211415,"org.eclipse.datatools.connectivity.ui",1376161202698
stopped,bundle,org.eclipse.datatools.sqltools.sql.ui,1.0.0.v200906022302,"org.eclipse.datatools.sqltools.sql.ui",1376161202698
stopped,bundle,org.eclipse.rse.subsystems.processes.dstore,2.1.100.v200905272300,"org.eclipse.rse.subsystems.processes.dstore",1376161202698
stopped,bundle,org.eclipse.rse.subsystems.shells.dstore,2.1.201.v201008191400,"org.eclipse.rse.subsystems.shells.dstore",1376161202698
stopped,bundle,org.eclipse.rse.subsystems.files.dstore,2.1.102.R32x_v201102011435,"org.eclipse.rse.subsystems.files.dstore",1376161202698
stopped,bundle,org.eclipse.rse.connectorservice.dstore,3.1.100.v201005281600,"org.eclipse.rse.connectorservice.dstore",1376161202698
stopped,bundle,org.eclipse.rse.dstore.security,3.0.200.v201003010830,"org.eclipse.rse.dstore.security",1376161202698
stopped,bundle,org.eclipse.rse.services.dstore,3.1.102.R32x_v201102011435,"org.eclipse.rse.services.dstore",1376161202698
stopped,bundle,org.eclipse.dstore.core,3.2.2.R32x_v201102121806,"org.eclipse.dstore.core",1376161202698
stopped,bundle,org.eclipse.dstore.extra,2.1.101.v200907301400,"org.eclipse.dstore.extra",1376161202698
stopped,bundle,org.eclipse.emf.codegen.ui,2.6.0.v20100914-1218,"org.eclipse.emf.codegen.ui",1376161202698
stopped,bundle,org.eclipse.emf.common.ui,2.6.0.v20100914-1218,"org.eclipse.emf.common.ui",1376161202698
stopped,bundle,org.eclipse.epp.mpc.ui,1.0.1.v20100826-2143,"org.eclipse.epp.mpc.ui",1376161202698
stopped,bundle,com.google.appengine.eclipse.webtools,3.2.4.v201306061640-rel-r36,"com.google.appengine.eclipse.webtools",1376161202698
stopped,bundle,com.google.gdt.eclipse.appengine.swarm_backend,3.2.4.v201306061640-rel-r36,"com.google.gdt.eclipse.appengine.swarm_backend",1376161202698
stopped,bundle,com.google.gdt.eclipse.suite.ext,3.2.4.v201306061640-rel-r36,"com.google.gdt.eclipse.suite.ext",1376161202698
stopped,bundle,com.google.gdt.eclipse.appengine.swarm,3.2.4.v201306061640-rel-r36,"com.google.gdt.eclipse.appengine.swarm",1376161202698
stopped,bundle,com.google.gdt.eclipse.appengine.rpc,3.2.4.v201306061640-rel-r36,"com.google.gdt.eclipse.appengine.rpc",1376161202698
stopped,bundle,com.google.gdt.eclipse.gph.e36,3.2.4.v201306061640-rel-r36,"com.google.gdt.eclipse.gph.e36",1376161202698
stopped,bundle,com.google.gdt.eclipse.gph.hge,3.2.4.v201306061640-rel-r36,"com.google.gdt.eclipse.gph.hge",1376161202698
stopped,bundle,com.google.gdt.eclipse.gph.subclipse,3.2.4.v201306061640-rel-r36,"com.google.gdt.eclipse.gph.subclipse",1376161202698
stopped,bundle,com.google.gdt.eclipse.gph.subversive,3.2.4.v201306061640-rel-r36,"com.google.gdt.eclipse.gph.subversive",1376161202698
stopped,bundle,com.google.gdt.eclipse.gph,3.2.4.v201306061640-rel-r36,"com.google.gdt.eclipse.gph",1376161202698
stopped,bundle,com.google.gdt.eclipse.maven.e35,3.2.4.v201306061640-rel-r36,"com.google.gdt.eclipse.maven.e35",1376161202698
stopped,bundle,com.google.gdt.eclipse.maven,3.2.4.v201306061640-rel-r36,"com.google.gdt.eclipse.maven",1376161202698
stopped,bundle,com.google.gdt.eclipse.suite,3.2.4.v201306061640-rel-r36,"com.google.gdt.eclipse.suite",1376161202698
stopped,bundle,com.google.gdt.eclipse.appsmarketplace,3.2.4.v201306061640-rel-r36,"com.google.gdt.eclipse.appsmarketplace",1376161202698
stopped,bundle,com.google.gdt.eclipse.managedapis,3.2.4.v201306061640-rel-r36,"com.google.gdt.eclipse.managedapis",1376161202698
stopped,bundle,com.google.appengine.eclipse.core,3.2.4.v201306061640-rel-r36,"com.google.appengine.eclipse.core",1376161202698
stopped,bundle,com.google.gdt.eclipse.login,3.2.4.v201306061640-rel-r36,"com.google.gdt.eclipse.login",1376161202698
stopped,bundle,com.google.gwt.eclipse.oophm,3.2.4.v201306061640-rel-r36,"com.google.gwt.eclipse.oophm",1376161202698
stopped,bundle,com.google.gwt.eclipse.core,3.2.4.v201306061640-rel-r36,"com.google.gwt.eclipse.core",1376161202838
stopped,bundle,com.google.gdt.eclipse.core,3.2.4.v201306061640-rel-r36,"com.google.gdt.eclipse.core",1376161202838
stopped,bundle,com.google.gdt.eclipse.platform,3.2.4.v201306061640-rel-r36,"com.google.gdt.eclipse.platform",1376161202838
stopped,bundle,com.google.gdt.eclipse.platform.e36,3.2.4.v201306061640-rel-r36,"com.google.gdt.eclipse.platform.e36",1376161202838
stopped,bundle,org.eclipse.equinox.p2.ui.sdk,1.0.100.v20100513,"org.eclipse.equinox.p2.ui.sdk",1376161202838
stopped,bundle,org.eclipse.equinox.p2.ui.sdk.scheduler,1.0.0.v20100507-1815,"org.eclipse.equinox.p2.ui.sdk.scheduler",1376161202838
stopped,bundle,org.eclipse.jst.server.preview.adapter,1.1.100.v20100308,"org.eclipse.jst.server.preview.adapter",1376161202838
stopped,bundle,org.eclipse.jst.server.tomcat.ui,1.1.200.v20100418,"org.eclipse.jst.server.tomcat.ui",1376161202838
stopped,bundle,org.eclipse.wst.server.http.ui,1.0.200.v20090113,"org.eclipse.wst.server.http.ui",1376161202838
stopped,bundle,org.eclipse.wst.server.preview.adapter,1.1.0.v20090311b,"org.eclipse.wst.server.preview.adapter",1376161202838
stopped,bundle,org.eclipse.jst.server.ui,1.1.102.v20110406,"org.eclipse.jst.server.ui",1376161202838
stopped,bundle,org.eclipse.wst.web.ui,1.1.401.v201109151600,"org.eclipse.wst.web.ui",1376161202838
stopped,bundle,org.eclipse.wst.server.ui,1.1.209.v20111005_1716,"org.eclipse.wst.server.ui",1376161202854
stopped,bundle,org.eclipse.wst.server.discovery,1.0.102.v20110427,"org.eclipse.wst.server.discovery",1376161202854
stopped,bundle,org.eclipse.mylyn.bugzilla.ui,3.6.0.v20110608-1400,"org.eclipse.mylyn.bugzilla.ui",1376161202854
stopped,bundle,org.eclipse.mylyn.java.ui,3.6.0.v20110608-1400,"org.eclipse.mylyn.java.ui",1376161202854
stopped,bundle,org.eclipse.mylyn.ide.ui,3.6.0.v20110608-1400,"org.eclipse.mylyn.ide.ui",1376161202854
stopped,bundle,org.eclipse.mylyn.team.ui,3.6.1.v20110825-0100,"org.eclipse.mylyn.team.ui",1376161202854
stopped,bundle,org.eclipse.mylyn.resources.ui,3.6.0.v20110608-1400,"org.eclipse.mylyn.resources.ui",1376161202854
stopped,bundle,org.eclipse.mylyn.wikitext.tasks.ui,1.5.0.v20110608-1400,"org.eclipse.mylyn.wikitext.tasks.ui",1376161202854
stopped,bundle,org.eclipse.mylyn.context.ui,3.6.0.v20110608-1400,"org.eclipse.mylyn.context.ui",1376161202869
stopped,bundle,org.eclipse.mylyn.help.ui,3.6.1.v20110830-0100,"org.eclipse.mylyn.help.ui",1376161202869
stopped,bundle,org.eclipse.mylyn.java.tasks,3.6.0.v20110608-1400,"org.eclipse.mylyn.java.tasks",1376161202869
stopped,bundle,org.eclipse.mylyn.tasks.bugs,3.6.1.v20110825-0100,"org.eclipse.mylyn.tasks.bugs",1376161202869
stopped,bundle,org.eclipse.mylyn.tasks.ui,3.6.3.v20111026-0100,"org.eclipse.mylyn.tasks.ui",1376161202869
stopped,bundle,org.eclipse.equinox.p2.ui,2.0.0.v20100518,"org.eclipse.equinox.p2.ui",1376161202869
stopped,bundle,org.eclipse.equinox.security.ui,1.0.200.v20100503,"org.eclipse.equinox.security.ui",1376161202869
stopped,bundle,org.eclipse.jdt.apt.ui,3.3.300.v20100513-0845,"org.eclipse.jdt.apt.ui",1376161202869
stopped,bundle,com.google.gdt.eclipse.designer.UiBinder,3.1.2.r36x201303061530,"com.google.gdt.eclipse.designer.UiBinder",1376161202869
stopped,bundle,com.google.gdt.eclipse.designer.gpe,3.1.2.r36x201303061641,"com.google.gdt.eclipse.designer.gpe",1376161202869
stopped,bundle,com.google.gdt.eclipse.designer,3.1.2.r36x201303061530,"com.google.gdt.eclipse.designer",1376161202869
stopped,bundle,org.eclipse.jdt.junit,3.6.1.r361_v20100825-0800,"org.eclipse.jdt.junit",1376161202869
stopped,bundle,org.eclipse.jem.beaninfo,2.0.300.v200905030615,"org.eclipse.jem.beaninfo",1376161202869
stopped,bundle,org.eclipse.jsch.ui,1.1.300.I20100505-1245,"org.eclipse.jsch.ui",1376161202869
stopped,bundle,org.eclipse.jst.common.annotations.ui,1.1.300.v201002081900,"org.eclipse.jst.common.annotations.ui",1376161202869
stopped,bundle,org.eclipse.jst.j2ee.ejb.annotations.emitter,1.1.200.v200909290826,"org.eclipse.jst.j2ee.ejb.annotations.emitter",1376161202869
stopped,bundle,org.eclipse.jst.ws.cxf.consumption.core,1.0.0.v201003222311,"org.eclipse.jst.ws.cxf.consumption.core",1376161202869
stopped,bundle,org.eclipse.jst.ws.cxf.ui,1.0.0.v201004171919,"org.eclipse.jst.ws.cxf.ui",1376161202869
stopped,bundle,org.eclipse.jst.ws.cxf.creation.core,1.0.1.v201103270854,"org.eclipse.jst.ws.cxf.creation.core",1376161202869
stopped,bundle,org.eclipse.jst.ws.cxf.core,1.0.0.v201003311345,"org.eclipse.jst.ws.cxf.core",1376161202869
stopped,bundle,org.eclipse.jst.ws.jaxws.ui,1.0.2.v201103270854,"org.eclipse.jst.ws.jaxws.ui",1376161202869
stopped,bundle,org.eclipse.jst.ws.jaxws.core,1.0.0.v201004171919,"org.eclipse.jst.ws.jaxws.core",1376161202869
stopped,bundle,org.eclipse.jst.ws.annotations.core,1.0.0.v201004262257,"org.eclipse.jst.ws.annotations.core",1376161202869
stopped,bundle,org.eclipse.jst.ws.axis2.ui,1.0.303.v201003110431,"org.eclipse.jst.ws.axis2.ui",1376161202869
stopped,bundle,org.eclipse.jst.ws.axis2.core,1.0.204.v201004211805,"org.eclipse.jst.ws.axis2.core",1376161202869
stopped,bundle,org.eclipse.jst.ws.jaxws.dom.ui,1.0.0.v201004171919,"org.eclipse.jst.ws.jaxws.dom.ui",1376161202869
stopped,bundle,org.eclipse.jst.ws.jaxws.utils,1.0.0.v201004171919,"org.eclipse.jst.ws.jaxws.utils",1376161202869
stopped,bundle,org.eclipse.jst.ws.uddiregistry,1.0.500.v201004211805,"org.eclipse.jst.ws.uddiregistry",1376161202869
stopped,bundle,org.eclipse.jst.ws.ui,1.0.403.v201004211805,"org.eclipse.jst.ws.ui",1376161202869
stopped,bundle,org.eclipse.rse.processes.ui,3.0.200.v201003010830,"org.eclipse.rse.processes.ui",1376161202869
stopped,bundle,org.eclipse.wst.dtd.ui,1.0.500.v201004290328,"org.eclipse.wst.dtd.ui",1376161202869
stopped,bundle,org.eclipse.wst.wsi.ui,1.0.501.v201004201506,"org.eclipse.wst.wsi.ui",1376161202869
stopped,bundle,org.eclipse.wst.xsl.jaxp.debug.ui,1.0.100.v201004290328,"org.eclipse.wst.xsl.jaxp.debug.ui",1376161202869
stopped,bundle,org.eclipse.wst.xsl.exslt.ui,1.0.0.v201006012005,"org.eclipse.wst.xsl.exslt.ui",1376161202869
stopped,bundle,org.eclipse.wst.xsl.ui,1.1.1.v201009091745,"org.eclipse.wst.xsl.ui",1376161202869
stopped,bundle,org.eclipse.wst.jsdt.web.support.jsp,1.0.304.v201110211728,"org.eclipse.wst.jsdt.web.support.jsp",1376161202869
stopped,bundle,org.eclipse.jst.jsp.ui,1.1.505.v201110211728,"org.eclipse.jst.jsp.ui",1376161202869
stopped,bundle,org.eclipse.wst.jsdt.web.ui,1.0.305.v201110211728,"org.eclipse.wst.jsdt.web.ui",1376161202869
stopped,bundle,org.eclipse.wst.html.ui,1.0.505.v201106160200,"org.eclipse.wst.html.ui",1376161202869
stopped,bundle,org.eclipse.wst.css.ui,1.0.502.v201101122002,"org.eclipse.wst.css.ui",1376161202869
stopped,bundle,org.eclipse.wst.xml.xpath.ui,1.1.2.v201101212242,"org.eclipse.wst.xml.xpath.ui",1376161202869
stopped,bundle,org.eclipse.wst.xsl.debug.ui,1.0.101.v201102111830,"org.eclipse.wst.xsl.debug.ui",1376161202869
stopped,bundle,com.google.gdt.eclipse.platform.shared,3.2.4.v201306061640-rel-r36,"com.google.gdt.eclipse.platform.shared",1376161202869
stopped,bundle,org.eclipse.wb.core.databinding.xml,1.5.2.r36x201303061518,"org.eclipse.wb.core.databinding.xml",1376161202869
stopped,bundle,org.eclipse.wb.core.xml,1.5.2.r36x201303061518,"org.eclipse.wb.core.xml",1376161202869
stopped,bundle,org.eclipse.wst.xml.ui,1.1.105.v201106142156,"org.eclipse.wst.xml.ui",1376161202869
stopped,bundle,org.eclipse.wst.common.ui,1.1.500.v200911190730,"org.eclipse.wst.common.ui",1376161202869
stopped,bundle,com.python.pydev.codecompletion,1.5.7.2010050621,"com.python.pydev.codecompletion",1376161202869
stopped,bundle,com.python.pydev.refactoring,1.5.7.2010050621,"com.python.pydev.refactoring",1376161202869
stopped,bundle,com.python.pydev.analysis,1.5.7.2010050621,"com.python.pydev.analysis",1376161202869
stopped,bundle,com.python.pydev.debug,1.5.7.2010050621,"com.python.pydev.debug",1376161202869
stopped,bundle,com.python.pydev.fastparser,1.5.7.2010050621,"com.python.pydev.fastparser",1376161202869
stopped,bundle,com.python.pydev,1.5.7.2010050621,"com.python.pydev",1376161202869
stopped,bundle,org.python.pydev.django,1.5.7.2010050621,"org.python.pydev.django",1376161202869
stopped,bundle,org.python.pydev.customizations,1.5.7.2010050621,"org.python.pydev.customizations",1376161202869
stopped,bundle,org.python.pydev.debug,1.5.7.2010050621,"org.python.pydev.debug",1376161202885
stopped,bundle,org.python.pydev.refactoring,1.5.7.2010050621,"org.python.pydev.refactoring",1376161202885
stopped,bundle,org.python.pydev.templates,1.5.7.2010050621,"org.python.pydev.templates",1376161202885
stopped,bundle,org.python.pydev,1.5.7.2010050621,"org.python.pydev",1376161202900
stopped,bundle,oracle.eclipse.tools.envcheck,3.1.0.201007221419,"oracle.eclipse.tools.envcheck",1376161202900
stopped,bundle,org.eclipse.jdt.debug.ui,3.5.2.v20100928a_r362,"org.eclipse.jdt.debug.ui",1376161202900
stopped,bundle,org.eclipse.jst.ws.jaxrs.ui,1.0.303.v201108222054,"org.eclipse.jst.ws.jaxrs.ui",1376161202900
stopped,bundle,org.eclipse.jst.common.project.facet.ui,1.4.102.v201008182136,"org.eclipse.jst.common.project.facet.ui",1376161202900
stopped,bundle,org.eclipse.hyades.ui,4.3.0.v201005181900,"org.eclipse.hyades.ui",1376161202900
stopped,bundle,org.jboss.tools.common,3.2.0.v20110215-1235-H25-GA,"org.jboss.tools.common",1376161202900
stopped,bundle,org.eclipse.jst.common.ui,1.0.4.v201109151453,"org.eclipse.jst.common.ui",1376161202900
stopped,bundle,com.google.gdt.eclipse.designer.hosted.2_0.ie,3.1.2.r36x201303061525,"com.google.gdt.eclipse.designer.hosted.2_0.ie",1376161202900
stopped,bundle,com.google.gdt.eclipse.designer.hosted.2_0.webkit,3.1.2.r36x201303061525,"com.google.gdt.eclipse.designer.hosted.2_0.webkit",1376161202916
stopped,bundle,com.google.gdt.eclipse.designer.hosted.2_0,3.1.2.r36x201303061525,"com.google.gdt.eclipse.designer.hosted.2_0",1376161202916
